Name, Family, Mobile, Postal Code, city
Ahmad,Ghaderi,09123458765,1417466191,Tehran
Babak,Naimee,09121235678,1996715433,Tehran
Ahmad,Akbari,09123124455,1587544133,Tehran
Reza,Rafiee,09121446216,3225639365,Tehran
Masoud,Sorami,09122122962,1465865163,Tehran
Amir,Hajamini,09121303804,1585988713,Tehran
Name, Family, Mobile, Postal Code, city
Ahmad,Ghaderi,09123458765,1417466191,Tehran
Babak,Naimee,09121235678,1996715433,Tehran
Ahmad,Akbari,09123124455,1587544133,Tehran
Reza,Rafiee,09121446216,3225639365,Tehran
Masoud,Sorami,09122122962,1465865163,Tehran
Amir,Hajamini,09121303804,1585988713,Tehran
