Product Name, Product Price
تلویزیون ال ای دی نکسار 43 اینچ مدل NTV-H43C412N,7,400,000
تلویزیون ال ای دی هوشمند اسنوا 43 اینچ مدل SSD-43SK14100M,8,950,000
تلویزیون ال ای دی هوشمند نکسار 50 اینچ مدل NTV-U50C614S,12,500,000
تلویزیون ال ای دی سام الکترونیک 50 اینچ مدل 50T5350,10,990,000
تلویزیون ال ای دی نکسار 32 اینچ مدل NTV-D32C412N,4,950,000
تلویزیون ال ای دی هوشمند بویمن 43 اینچ مدل 43KAE6800FWS,9,750,000
تلویزیون ال ای دی هوشمند بویمن 43 اینچ مدل 43KAE6800FW,9,460,000
تلويزيون ال ای دی بويمن 32 اينچ مدل 32KB6800H,5,250,000
تلویزیون ال ای دی هوشمند بویمن 42 اینچ مدل 42JD1100AW,8,600,000
تلویزیون ال ای دی هوشمند بویمن 65 اینچ مدل 65KA6800UW,21,340,000
تلویزیون ال ای دی هوشمند بویمن 60 اینچ مدل 60JAE1200UW,17,800,000
تلویزیون ال ای دی هوشمند بویمن 50 اینچ مدل 50KAE6800UWS,13,900,000
Product Name, Product Price
تلویزیون ال ای دی نکسار 43 اینچ مدل NTV-H43C412N,7,400,000
تلویزیون ال ای دی هوشمند اسنوا 43 اینچ مدل SSD-43SK14100M,8,950,000
تلویزیون ال ای دی هوشمند نکسار 50 اینچ مدل NTV-U50C614S,12,500,000
تلویزیون ال ای دی سام الکترونیک 50 اینچ مدل 50T5350,10,990,000
تلویزیون ال ای دی نکسار 32 اینچ مدل NTV-D32C412N,4,950,000
تلویزیون ال ای دی هوشمند بویمن 43 اینچ مدل 43KAE6800FWS,9,750,000
تلویزیون ال ای دی هوشمند بویمن 43 اینچ مدل 43KAE6800FW,9,460,000
تلويزيون ال ای دی بويمن 32 اينچ مدل 32KB6800H,5,250,000
تلویزیون ال ای دی هوشمند بویمن 42 اینچ مدل 42JD1100AW,8,600,000
تلویزیون ال ای دی هوشمند بویمن 65 اینچ مدل 65KA6800UW,21,340,000
تلویزیون ال ای دی هوشمند بویمن 60 اینچ مدل 60JAE1200UW,17,800,000
تلویزیون ال ای دی هوشمند بویمن 50 اینچ مدل 50KAE6800UWS,13,900,000
